{
  "title": "Monk's Little Details",
  "description": "Things to tidy up the interface and flow",
  "version": "10.4",
  "authors": [
    {
      "name": "IronMonk",
      "discord": "ironmonk88#4075",
	  "patreon": "https://www.patreon.com/ironmonk",
      "ko-fi": "https://ko-fi.com/ironmonk88"
    }
  ],
  "socket": true,
  "languages": [
    {
      "lang": "en",
      "name": "English",
      "path": "lang/en.json"
    },
    {
      "lang": "ja",
      "name": "日本語",
      "path": "lang/ja.json"
    },
    {
      "lang": "fr",
      "name": "French",
      "path": "lang/fr.json"
    },
    {
      "lang": "es",
      "name": "Español",
      "path": "lang/es.json"
    },
    {
      "lang": "it",
      "name": "Italiano",
      "path": "lang/it.json"
    },
    {
      "lang": "de",
      "name": "Deutsch",
      "path": "lang/de.json"
    },
    {
      "lang": "pt-BR",
      "name": "Português (Brasil)",
      "path": "lang/pt-BR.json"
    }
  ],
  "esmodules": [
    "monks-little-details.js",
    "settings.js"
  ],
  "styles": [
    "css/monks-little-details.css"
  ],
  "url": "https://github.com/ironmonk88/monks-little-details",
  "download": "https://github.com/ironmonk88/monks-little-details/archive/10.4.zip",
  "manifest": "https://github.com/ironmonk88/monks-little-details/releases/latest/download/module.json",
  "bugs": "https://github.com/ironmonk88/monks-little-details/issues",
  "allowBugReporter": true,
  "id": "monks-little-details",
  "compatibility": {
    "minimum": "10",
    "verified": "10"
  },
  "name": "monks-little-details",
  "minimumCoreVersion": "10",
  "compatibleCoreVersion": "10"
}